Name,Country,City,Website,Founding,Staff,Scope,Region,Legal Entity,Revenue Stream
amrand.at,Estonia/Austria,Vienna,https://www.amrand.at,2020,0,"Investigations, Cross Border Journalism","Global",For-profit Enterprise,"Crowdfunding (singular)"
Apache,Belgium,Borgerhout,https://www.apache.be,2009,05-Oct,"Local News, Investigations, Cross Border Journalism","National, Regional, Local/Hyperlocal",Co-operative,"Subscriptions, Individual Donations, Crowdfunding (regular campaigns), Government Support/State Funding"
Are We Europe,Netherlands/Belgium,Brussels,https://www.areweeurope.com,2017,Oct-20,"Cross Border Journalism, Special Interest Topic","European, National, Regional",Foundation,"Membership Fees, Subscriptions, Foundation Support, ServicesTraining/Workshops, Advertisement"
AthensLive,Greece,Athens,https://athenslive.gr/,2016,&lt;3,"Local News, Investigations, Data Journalism","Local/Hyperlocal",Non-Profit Civic Company,"Membership Fees, Individual Donations, Foundation Support, Government Support/State Funding, Services"
Átlátszó Erdély,Romania,Cluj-Napoca,https://atlatszo.ro/,2015,03-May,"Local News, Investigations, Cross Border Journalism","Regional, Local/Hyperlocal",Association,"Individual DonationsCrowdfunding (regular campaigns)Foundation Support"
Balkan Investigative Reporting Network,Bosnia and Herzegovina,Sarajevo,https://www.balkaninsight.com,2005,&gt;20,"Investigations, Cross Border Journalism, Special Interest Topic","European, National, Regional",Association,"Subscriptions, Foundation Support, Government Support/State Funding"
BIRN Serbia,Serbia,Belgrade,https://birn.rs,2005,05-Oct,"Investigations, Data Journalism, Cross Border Journalism, Fact Checking","European, National, Regional",Association,"Foundation Support"
blickfeld - die CampusZeitung für Wuppertal,Germany,Wuppertal,https://www.blickfeld-wuppertal.de,2011,0,"Local News, Investigations","Regional, Local/Hyperlocal",Association,"Individual Donations, Crowdfunding (regular campaigns), Advertisement"
"Bureau Local, TBIJ",UK,-,https://www.thebureauinvestigates.com,2010,&gt;20,"Investigations","National, Regional",Non-Profit Civic Company,"Individual Donations, Foundation Support"
Civio,Spain,Madrid,https://civio.es/,2012,05-Oct,"Investigations, Data Journalism","Global, European, National",Foundation,"Subscriptions, Individual Donations, Foundation Support, Services"
CORRECTIV – Recherchen für die Gesellschaft gGmbH,Germany,Essen,https://correctiv.org/,2014,&gt;20,"Local News, Investigations, Data Journalism, Cross Border Journalism, Fact Checking","European, National, Regional, Local/Hyperlocal",Non-Profit,"Membership Fees, Individual Donations, Crowdfunding (singular), Foundation Support, Government Support/State Funding, Services, Training/Workshops"
damnit e.V.,Germany,Hamburg,https://damnit-ev.de,2018,&lt;3,"Investigations, Data Journalism, Cross Border Journalism, Fact Checking, Special Interest Topic","Global, European, National",Nonprofit organization,"Membership Fees, Individual Donations, Government Support/State Funding"
Das Lamm,Switzerland,Zurich,https://www.daslamm.ch,2009,Oct-20,"Local News, Investigations, Special Interest Topic","Global, National, Regional",Association,"Membership Fees, Individual Donations, Crowdfunding (singular), Foundation Support, Training/Workshops"
dekoder,Germany,Hamburg,https://www.dekoder.org,2015,05-Oct,"Data Journalism, Cross Border Journalism, Special Interest Topic","European, National",Non-profit (gGmbH),"Membership Fees, Individual Donations, Crowdfunding (singular), Foundation Support, Government Support/State Funding, Services"
Deník Referendum,Czech Republic,Brno,https://www.denikreferendum.cz,2009,Oct-20,"Local News, Investigations","European, National, Regional","company with limited liability, but essentially we are non-profit","Individual Donations, Crowdfunding (regular campaigns), Foundation Support"
Denník N,Slovakia,Bratislava,https://www.dennikn.sk,2014,&gt;20,"Investigations, Data Journalism, Fact Checking","Global, European, National, Regional",For-profit Enterprise,"Subscriptions, Individual Donations, Crowdfunding (singular), Services, Advertisement"
Direkt36,Hungary,Berlin,https://www.direkt36.hu/,2015,05-Oct,"Investigations","European, National",Social Enterprise,"Membership Fees, Individual Donations, Crowdfunding (regular campaigns), Foundation Support, Services, Training/Workshops"
dis:orient,Germany,Berlin,https://www.disorient.de/,2005,&lt;3,"Cross Border Journalism, Special Interest Topic","Global, European, Regional",Association,"Membership Fees, Individual Donations, Foundation Support"
Disclose,France,Le Pré Saint Gervais,https://disclose.ngo/fr/,2018,05-Oct,"Investigations, Cross Border Journalism","Global, European, National",Association,"Membership Fees, Individual Donations, Foundation Support"
Divergente,Portugal,Lisbon,https://www.divergente.pt,2014,03-May,"Investigations, Data Journalism, Cross Border Journalism, Special Interest Topic","Global",Co-operative,"Subscriptions, Individual Donations, Foundation Support"
DOSSIER,Austria,Vienna,https://www.dossier.at/,2012,05-Oct,"Investigations, Data Journalism, Cross Border Journalism","Global, European, National, Regional",Social Enterprise,"Membership Fees, Individual Donations, Services, Training/Workshops"
Dublin Inquirer,Republic of Ireland,Dublin,https://dublininquirer.com,2015,03-May,"Local News,Investigations","Local/Hyperlocal",for-profit company,"Subscriptions"
EUobserver,Belgium,Brussels,https://euobserver.com,2000,Oct-20,"Investigations, Cross Border Journalism, Special Interest Topic","Global, European",non-profit company,"Membership Fees, Subscriptions, Foundation Support, Advertisement"
Facta.eu,Italy,Bologna,http://facta.eu/,2018,&lt;3,"Data Journalism","Regional",Association,"Training/Workshops"
Finance Uncovered,UK,London,https://financeuncovered.org,2015,05-Oct,"Investigations, Data Journalism, Cross Border Journalism, Fact Checking, Special Interest Topic","Global, European, National, Regional",Social Enterprise,"Foundation Support, Government Support/State Funding, Services, Training/Workshops"
Flip,Germany,Hamburg,https://letsflip.de/,2020,03-May,"Investigations, Cross Border Journalism, Fact Checking","Global, European, National",For-profit Enterprise,"Foundation Support, Innovative Startup Accelarator"
Follow the Money,The Netherlands,Amsterdam,https://ftm.nl,2010,&gt;20,"Investigations, Data Journalism","European, National",Social Enterprise,"Membership Fees, Individual Donations, Foundation Support, Government Support/State Funding"
Fumaça,Portugal,Lisbon,https://www.fumaca.pt,2016,05-Oct,"Investigations","Global, European, National",Association,"Membership Fees, Individual Donations, Crowdfunding (singular), Foundation Support, Training/Workshops"
Good News Magazin,Germany,Berlin,https://goodnews-magazin.de/,2016,&lt;3,"Local News, Cross Border Journalism, Special Interest Topic","Global, European, National, Regional",Social Enterprise,"Subscriptions, Government Support/State Funding, Services, Advertisement"
Hostwriter,Germany,Berlin,https://hostwriter.org/,2013,05-Oct,"Cross Border Journalism, Special Interest Topic","Global",Social Enterprise,"Membership Fees, Individual Donations, Foundation Support, Training/Workshops"
Investico,The Netherlands,Amsterdam,https://www.platform-investico.nl,2016,Oct-20,"Investigations, Data Journalism, Cross Border Journalism","Global, European, National, Regional",Non-profit company,"Individual Donations, Crowdfunding (singular), Foundation Support, Government Support/State Funding, Training/Workshops"
investigace.cz,Czech Republic,Praque,https://www.investigace.cz/,2013,05-Oct,"Investigations","Global",Social Enterprise,"Crowdfunding (regular campaigns), Foundation Support, Training/Workshops"
Investigate EU,Germany,Berlin,https://www.investigate-europe.eu,2019 as an organisation (2016 as a project),Oct-20,"Investigations, Cross Border Journalism","European, National",Co-operative,"Individual Donations, Foundation Support, Sale of articles/investigations"
Investigative Center of Jan Kuciak,Slovakia,Bratislava,https://www.icjk.sk,2018,03-May,"Investigations, Data Journalism, Cross Border Journalism, Fact Checking","Global, European, National",NGO,"Individual Donations, Foundation Support"
IrpiMedia,Italy,Rome,https://irpimedia.irpi.eu/,"IRPI was established in 2012, IrpiMedia in March 2020",03-May,"Investigations, Cross Border Journalism","Global, European, National",Association,"Individual Donations, Crowdfunding (singular), Foundation Support"
iz3w,Germany,Freiburg,https://www.iz3w.org,"1972 (magazine), 1968 (organisation)",03-May,Relations Global South/Global North,"Global",Registered association,"Subscriptions, Individual Donations, Foundation Support, Government Support/State Funding, Training/Workshops"
karla magazin gGmbH,Germany,Konstanz,https://karla-konstanz.de,2021,&lt;3,"Local News, Investigations","Local/Hyperlocal",Social Enterprise,"Membership Fees, Subscriptions, Individual Donations, Crowdfunding (singular), Foundation Support, Training/Workshops"
KATAPULT-Magazin gGmbH,Germany,Greifswald,https://katapult-magazin.de/de/,2015,&gt;20,"Local News, Data Journalism, Special Interest Topic","Global, European, National, Regional, Local/Hyperlocal",non-profit enterprise,"Subscriptions, Individual Donations, ServicesAdvertisement"
klimafakten.de/Clean Energy Wire,Germany,Berlin,https://www.klimafakten.de,"2011 (klimafakten.de), 2014 (Clean Energy Wire)",05-Oct,"Cross Border Journalism, Fact Checking, Special Interest Topic","European, National",Social Enterprise,"Foundation Support"
kohero Magazin,Germany,Hamburg,https://www.kohero-magazin.de/,2017,03-May,"Special Interest Topic","European, National, Regional",Co-operative,"Subscriptions, Individual Donations, Crowdfunding (singular), Crowdfunding (regular campaigns), Advertisement"
KONTEXT: Wochenzeitung,Germany,Stuttgart,https://www.kontextwochenzeitung.de,2011,05-Oct,"Local News","National, Regional, Local/Hyperlocal",non-profit society,"Individual Donations, Crowdfunding (singular), Crowdfunding (regular campaigns)"
Krautreporter,Germany,Berlin,https://krautreporter.de,2014,&gt;20,"Special Interest Topic, General Interest","National",Co-operative,"Membership Fees, Foundation Support"
Maldita.es,Spain,Madrid,https://maldita.es,2018,&gt;20,"Fact Checking","National",Foundation,"Individual Donations, Crowdfunding (singular), Foundation Support, Government Support/State Funding, Services, Training/Workshops"
Mediacités,France,Sevres,https://www.mediacites.fr/,2016,Oct-20,"Local News, Investigations, Fact Checking","Regional, Local/Hyperlocal",Social Enterprise,"Subscriptions, Individual Donations, Crowdfunding (singular), Government Support/State Funding, Editorial partnerships (copublication of stories with two national media outlets)"
Mediapart,France,Paris,https://www.mediapart.fr/,2008,&gt;20,"Local News, Investigations, Data Journalism, Cross Border Journalism","GlobalEuropeanNationalRegionalLocal/Hyperlocal",Foundation,"Subscriptions"
Mediterranean Institute for Investigative Reporting (MIIR.gr),Greece,Athens,https://www.miir.gr,2019,03-May,"Investigations, Data Journalism, Cross Border Journalism, Special Interest Topic","EuropeanNational",Co-operative,"Individual Donations, Crowdfunding (singular), Foundation Support, Services"
MedWatch.de,Germany,Hamburg,https://medwatch.de/,2017 -2018,&lt;3,"Investigations, Fact Checking","EuropeanNational",Social Enterprise,"Individual Donations, Crowdfunding (singular)"
Mensagem de Lisboa,Portugal,Lisbon,https://www.amensagem.pt,2021,05-Oct,"Local News","Local/Hyperlocal",For-profit Enterprise,"Membership Fees, Individual Donations, Foundation Support"
Message,Germany,Hamburg,https://www.message-online.com/,1999,&lt;3,"Special Interest Topic","Global",Social Enterprise,"Foundation Support"
MIT KIDZ,Germany,Bochum,https://mit-kidz.de,2019,0,"Local News, Special Interest Topic","NationalRegionalLocal/Hyperlocal",Social Enterprise,"Services, Advertisement"
n-ost e.V.,Germany,Berlin,https://n-ost.org,2006,&gt;20,"Cross Border Journalism","EuropeanRegional",Association,Government Support/State FundingServices
Nordstadtblogger,Germany,Dortmund,https://Nordstadtblogger.de,2013,&lt;3,"Local News, Investigations","Local/Hyperlocal",Social Enterprise,"Subscriptions"
OKO.press,Poland,Warsaw,https://oko.press,5,&gt;20,"Local News, Investigations, Data Journalism, Cross Border Journalism, Fact Checking, Special Interest Topic","National",Foundation,"Individual Donations, Crowdfunding (singular), Crowdfunding (regular campaigns), Foundation Support"
Oštro,Croatia,Zagreb,https://www.portal-ostro.hr/,2021,&lt;3,"Investigations, Data Journalism, Cross Border Journalism","Global, European, National, Regional, Local/Hyperlocal",Institute,"Membership Fees, Individual Donations, Foundation Support, Government Support/State Funding, Training/Workshops"
Oštro,Slovenia,Ljubljana,https://www.ostro.si/,2018,03-May,"Investigations, Data Journalism, Cross Border Journalism, Fact Checking","Global, European, National, Regional, Local/Hyperlocal",Non-profit Institute,"Membership Fees, Individual Donations, Crowdfunding (regular campaigns), Foundation Support, Government Support/State Funding, Training/Workshops"
Outriders,Poland,Warsaw,https://outride.rs/pl/,2017,Oct-20,"Cross Border Journalism, Fact Checking, Special Interest Topic, Podcast","Global",not for profit,"Membership Fees, Individual Donations, Crowdfunding (singular), Training/Workshops"
piqd,Germany,Utting,https://www.piqd.de,2016,05-Oct,curated personalized multi-source magazin,"Global",Foundation,"Individual Donations, Foundation Support"
Pismo. Magazyn opinii,Poland,Warsaw,https://magazynpismo.pl,2017,Oct-20,"Investigations, reporter at large/long read reporting","Global, European, National",Foundation,"Subscriptions, Individual Donations, Foundation Support, Advertisement, Corporate Sponsorship/Cooperations"
"Pod crto, Non-profit media for investigative journalism",Slovenia,Ljubljana,https://podcrto.si/,2014,03-May,"Investigations, Data Journalism, Cross Border Journalism, Special Interest Topic","National",Non-profit organisation,"Individual Donations, Crowdfunding (regular campaigns), Foundation Support, Government Support/State Funding, Training/Workshops"
ProRecherche,Germany,Singen,https://www.prorecherche-lehrredaktion.org,2015,0,"Local News, Investigations, Data Journalism, Cross Border Journalism, Fact Checking, Special Interest Topic","Global, European, National, Regional, Local/Hyperlocal",Social Enterprise,"Individual Donations, Foundation Support, Training/Workshops"
queer.de,Germany,Cologne,https://www.queer.de/,2003,03-May,"Special Interest Topic","National",Company owned by staff,"Subscriptions, Advertisement"
Re:Baltica,Latvia,Riga,https://rebaltica.lv,2011,05-Oct,"Investigations, Cross Border Journalism, Fact Checking, Documentaries, radio programs","National, Regional",Non-profit NGO (that is LV legal form),"Membership Fees, Individual Donations, Foundation Support, Government Support/State Funding, Services, Training/Workshops"
REFLEKT,Switzerland,Bern,https://www.reflekt.ch,2019,05-Oct,"Investigations, Cross Border Journalism","Global, European, National",Association,"Membership Fees, Individual Donations, Foundation Support, Training/Workshops"
Relevanzreporter,Germany,Nuremberg,https://www.relevanzreporter.de,2020,&lt;3,"Local News","Regional, Local/Hyperlocal",Social Enterprise,"Membership Fees, Individual Donations, Crowdfunding (singular), Foundation Support, Training/Workshops"
Reporter Media,Luxembourg,Luxembourg,https://www.reporter.lu,2018,Oct-20,"Investigations, Fact Checking","National",For-profit Enterprise,"Membership Fees, Crowdfunding (singular), Government Support/State Funding"
Reporters United,Greece,Athens,https://www.reportersunited.gr/en,2019,&lt;3,"Investigations, Data Journalism, Cross Border Journalism, whistleblowing","National",Non-profit,"Membership Fees, Individual Donations, Services"
Republik,Switzerland,Zurich,https://republik.ch,2018,&gt;20,"Investigations, Data Journalism, Cross Border Journalism","Global, European, National, Regional",Co-operative,"Membership Fees, Subscriptions, Individual Donations, Crowdfunding (singular)"
RiffReporter – the cooperative for independent journalism,Germany,Bremen,https://www.riffreporter.de,2017,03-May,"Reporting on science, environment, society, tech and international developments","Global",Co-operative,"Subscriptions, Individual Donations, Crowdfunding (regular campaigns), Foundation Support, Services, Training/Workshops"
RISE Moldova,Moldova,Chisinau,https://www.rise.md,2014,05-Oct,"Investigations, Data Journalism, Cross Border Journalism, Fact Checking, Special Interest Topic","European, National, Regional, Local/Hyperlocal",Association,"Membership Fees, Subscriptions, Individual Donations, Crowdfunding (singular), Crowdfunding (regular campaigns), Foundation Support, Government Support/State Funding, Training/Workshops"
Science Media Center Germany,Germany,Cologne,https://www.sciencemediacenter.de/,2015,Oct-20,"Investigations, Data Journalism, Science Journalism",NationalRegional,non-profit Enterprise,"Membership Fees, Individual Donations, Foundation Support, Government Support/State Funding"
Slidstvo.Info,Ukraine,Kyiv,https://www.slidstvo.info,2012,Oct-20,"Investigations, Cross Border Journalism","GlobalNational",NGO,"Membership Fees, Subscriptions, Individual Donations, Crowdfunding (regular campaigns), Foundation Support"
Splann !,France,Guingamp,https://splann.org,2020,&lt;3,"Investigations","Regional",Association,"Membership Fees, Individual Donations, Crowdfunding (singular), Crowdfunding (regular campaigns), Foundation Support"
Streetpress.com,France,Montreuil,https://www.streetpress.com,2009,Oct-20,"Investigations","National",For-profit Enterprise,"Individual Donations, Crowdfunding (singular), Crowdfunding (regular campaigns), Foundation Support, Government Support/State Funding, Services, Advertisement"
The Bristol Cable,UK,Bristol,https://thebristolcable.org/,2014,05-Oct,"Local News, Investigations, Data Journalism","Local/Hyperlocal",Co-operative,"Membership Fees, Individual Donations, Foundation Support, Advertisement"
The Bureau of Investigative Journalism,UK,Scrutton Street,https://www.thebureauinvestigates.com,2010,&gt;20,"Local News, Investigations, Cross Border Journalism","Global, National, Local/Hyperlocal",not for profit,"Individual Donations, Crowdfunding (singular), Foundation Support"
TIDE - Hamburgs Bürger:innensender und Ausbildungskanal,Germany,Hamburg,https://tidenet.de,2004,05-Oct,"Local News, Special Interest Topic","Local/Hyperlocal",Co-operative,"Government Support/State Funding"
WAV,Switzerland,Zurich,https://www.wav.info/,2021,0,"Investigations, Data Journalism, Cross Border Journalism, Special Interest Topic","NationalRegional",Co-operative,"Membership Fees, Subscriptions, Individual Donations, Foundation Support, Services"
Wokreisel,Germany,Groß Köris,https://www.wokreisel.de,2021,&lt;3,Local NewsInvestigations,"Regional, Local/Hyperlocal",,"Government Support/State Funding"
WOZ Die Wochenzeitung,Switzerland,8005,https://www.woz.ch,1981,&gt;20,"Investigations","European, National, Regional, Local/Hyperlocal",Co-operative,"Membership Fees, Subscriptions, Individual Donations, Government Support/State Funding, Services, Advertisement"
Zibeline,France,Marseille,https://journalzibeline.fr,2007,Oct-20,Special Interest Topic,Regional,Association,"Training/Workshops, Advertisement"
