Name,Type of org,Location,Country,Focus areas (for project),Main language,Seed stakeholder - link to small multilingual organisations,Link,Notes,Individuals,Attachment Summary
Açoriano Oriental,Media Outlet,EU/Europe,Portugal, ,Portuguese,,https://acorianooriental.pt/,,,
Agence France-Presse (AFP),Media Outlet,EU/Europe,France,Media/journalism production,French,,https://www.afp.com/,,,
Agora Digitale Transformation,Research organisation/institute/Think tank,EU/Europe,Germany,Research and audits,German,,https://agoradigital.de/,,,
"AI, Media & Democracy Lab",Research organisation/institute/Think tank,EU/Europe,Netherlands,Research and audits,English,,https://www.aim4dem.nl/,,,
AImpactful,Medium or small private technology provider,EU/Europe,, ,English,,https://aimpactful.com/,,,
Associació de Mitjans d'Informació i Comunicació,Media association/fund,EU/Europe,Spain,Coalitions and advocacy,Catalan,,https://amic.media/,,,
Aveiro Media Competence Center (AMCC),Media association/fund,EU/Europe,Portugal,"Funds/Investment, Regulatory and legal",,,https://a-mcc.eu/en/,,,
BBC Media Action,CSO,Global south,UK,"Social norms and literacy, Media/journalism production",English,,https://www.bbc.co.uk/mediaaction/,,,
BIRN,Media Outlet,EU/Europe,,Media/journalism production,,,https://birn.eu.com/,,,
Bloomberg Law,Media Outlet,USA,USA,Media/journalism production,English,,https://pro.bloomberglaw.com/,,,
Bosch Stiftung,Media association/fund,EU/Europe,Germany,Funds/Investment,German,,https://www.bosch-stiftung.de/,,,
Bulgarian National Television (BNT),Media Outlet,EU/Europe,Bulgaria,Media/journalism production,Bulgarian,,https://bnt.bg/,,,
Central European Media Enterprises (CME),Media Outlet,EU/Europe,,Media/journalism production,,,https://www.cme.net/,,,
Centre for Media Pluralism and Media Freedom,Research organisation/institute/Think tank,EU/Europe,Italy,Research and audits,English,,https://cmpf.eui.eu/,,,
CISAC,Media association/fund,Global scope,France,"Licensing/commercial deals, Regulatory and legal, Coalitions and advocacy",,,https://www.cisac.org/,,,
Civio,CSO,EU/Europe,Spain,"Media/journalism production, Journalism tools (citation, search, engagement etc), Regulatory and legal",Spanish,,https://civio.es/,,,
Code for Africa,CSO,Africa,,"Media/journalism production, Journalism tools (citation, search, engagement etc)",English,,https://codeforafrica.org/,,,
Common Cause,CSO,North America,USA,"Coalitions and advocacy, Regulatory and legal",English,,https://www.commoncause.org/,,,
CooperativeAI,Research organisation/institute/Think tank,EU/Europe,UK,Research and audits,English,,https://www.cooperativeai.com/,,,
Copenhagen Institute for Future Studies,Research organisation/institute/Think tank,EU/Europe,Denmark,Research and audits,,,https://cifs.dk/,,,
CORRECTIV,Media Outlet,EU/Europe,Germany,"Media/journalism production, Social norms and literacy",German,,https://correctiv.org/,,,
Council of Europe (CoE),Public sector,EU/Europe,,Regulatory and legal,,,https://www.coe.int/,,,
Cultural Foundation,CSO,EU/Europe,The Netherlands,Funds/Investment,,,https://culturalfoundation.eu/,,,
Dazi Law,Ecosystem,EU/Europe,France,,,,https://dazi.law/dazi,,,
Demos,Public sector,EU/Europe,UK,Research and audits,English,,https://demos.co.uk/,,,
Deutsche Presse-Agentur (dpa),Media Outlet,EU/Europe,Germany,Media/journalism production,German,,https://www.dpa.com/,,,
Deutsche Welle (DW),Media Outlet,EU/Europe,Germany,"Media/journalism production, Journalism tools (citation, search, engagement etc)",German,,https://www.dw.com/,,,
DIW Berlin (the German Institute for Economic Research),Research organisation/institute/Think tank,EU/Europe,Germany,Research and audits,German,,https://www.diw.de/,,,
EUobserver,Media Outlet,EU/Europe,Belgium,Media/journalism production,English,,https://euobserver.com/,,,
Europe Analytica,Ecosystem,EU/Europe,Brussels,,,,https://www.europe-analytica.com/,,,
European AI & Society Fund,Media association/fund,EU/Europe,Belgium,Funds/Investment,English,,https://europeanaifund.org/,,,
European Alliance of News Agencies (EANA),Media association/fund,EU/Europe,,"Coalitions and advocacy, Regulatory and legal",English,,https://newsalliance.org/,,,
European Audiovisual Observatory,Research organisation/institute/Think tank,EU/Europe,France,Research and audits,English,,https://www.obs.coe.int/,,,
European Journalism Centre,Media association/fund,EU/Europe,Netherlands,Funds/Investment,English,,https://ejc.net/,,,
European Publishers Council,Media association/fund,EU/Europe,Belgium,"Regulatory and legal, Coalitions and advocacy",English,,https://www.epceurope.eu/,,,
European University Institute (EUI),Research organisation/institute/Think tank,EU/Europe,Italy,Research and audits,English,,https://www.eui.eu/,,,
Federal Association of Digital Publishers and Newspaper Publishers (BDZV),Media association/fund,EU/Europe,Germany,"Regulatory and legal, Coalitions and advocacy",German,,https://www.bdzv.de/,,,
Fundación Maldita.es,Media Outlet,EU/Europe,Spain,"Media/journalism production, Social norms and literacy",Spanish,,https://maldita.es/,,,
Gieskes-Strijbis,Media association/fund,EU/Europe,Netherlands,Funds/Investment,Dutch,,https://www.gieskesstrijbisfonds.nl/,,,
Global Dialogue,CSO,Global scope,England,,,,https://global-dialogue.org/,,,
Global Forum for Media Development (GFMD),Media association/fund,Global scope,Belgium,Coalitions and advocacy,English,,https://gfmd.info/,,,
Global Perspectives Initiative,CSO,EU/Europe,Germany,,,,https://globalperspectives.org/,,,
Groupe TF1,Media Outlet,EU/Europe,France,Media/journalism production,French,,https://www.groupe-tf1.fr/,,,
iFact,CSO,EU/Europe,Georgia,,,,https://ifact.ge/en/,,,
"imec-SMIT, Vrije Universiteit Brussel",Research organisation/institute/Think tank,EU/Europe,Belgium,Research and audits,,,https://smit.research.vub.be/,,,
Impact Grid,CSO,EU/Europe,Germany,,,,https://www.impactgrid.org/,,,
Instituto Politécnico da Guarda,Research organisation/institute/Think tank,EU/Europe,Portugal,,Portuguese,,https://www.ipg.pt/,,,
Interface,Research organisation/institute/Think tank,EU/Europe,Germany,"Regulatory and legal, Research and audits",English,,https://www.interface-eu.org/,,,
International Federation of Journalists (IFJ),Media association/fund,Global scope,Belgium,"Coalitions and advocacy, Regulatory and legal",English,,https://www.ifj.org/,,,
International Fund for Public Interest Media (IFPIM),Media association/fund,Global scope,France,"Funds/Investment, Business models",English,,"https://www.ifpim.org/
",,,
Internet Society,CSO,Global scope,USA,"Coalitions and advocacy, Regulatory and legal",English,,https://www.internetsociety.org/,,,
Jornal A VERDADE,Media Outlet,South America,Brazil,Media/journalism production,Portugese,,https://averdade.org.br/,,,
Journalism Fund,Media association/fund,EU/Europe,Belgium,Funds/Investment,English,,https://www.journalismfund.eu/,,,
Journalism Relay Project,Project or initiative,Global scope,Brazil,,,,https://journalismrelay.org/,,,
JournalismAI,CSO,Global scope,England,"Research and audits, Social norms and literacy",,,https://www.journalismai.info/,,,
Kelp Digital,Medium or small private technology provider,Global scope,Estonia,Licensing/commercial deals,,,https://kelp.digital/,,,
MadreMedia Lda,Media Outlet,EU/Europe,Portugal,Media/journalism production,Portuguese,,https://madremedia.pt/,,,
Martel Innovate,Medium or small private technology provider,EU/Europe,Switzerland,,English,,https://martel-innovate.com/,,,
Media Cluster Norway,Ecosystem,EU/Europe,Norway,,Norwegian,,https://medieklyngen.no/,,,
Mensagem de Lisboa,Media Outlet,EU/Europe,Portugal,Media/journalism production,Portuguese,,https://amensagem.pt/,,,
MFE – Media For Europe,Media Outlet,EU/Europe,,Media/journalism production,,,https://www.mfemediaforeurope.com/,,,
MLex,Media Outlet,Global scope,,Media/journalism production,English,,https://www.mlex.com/,,,
"National Department of Communications and Digital Technologies, South Africa",Public sector,Africa,South Africa,Regulatory and legal,English,,https://www.dcdt.gov.za/,,,
News Brands Ireland,Media association/fund,EU/Europe,Ireland,"Coalitions and advocacy, Regulatory and legal",English,,https://newsbrandsireland.ie/,,,
Newshound International Media,Media Outlet,Global scope,South Africa,Media/journalism production,,,https://www.newshoundmedia.com/,,,
NPR,Media Outlet,USA,USA,Media/journalism production,English,,https://www.npr.org/,,,
O Cascalense,Media Outlet,EU/Europe,Portugal,Media/journalism production,Portugese,,https://ocascalense.pt/,,,
PA Media Group,Media Outlet,EU/Europe,UK,"Media/journalism production, Journalism tools (citation, search, engagement etc)",English,,https://pamediagroup.com/,,,
Philea,CSO,EU/Europe,Belgium,Coalitions and advocacy,English,,https://philea.eu/,,,
Pismo Magazyn Opinii (Pismo Foundation),Media Outlet,EU/Europe,Poland,Media/journalism production,Polish,,https://magazynpismo.pl/,,,
Postal do Algarve,Media Outlet,EU/Europe,Portugal,Media/journalism production,Portuguese,,https://postal.pt/,,,
Radboud Universiteit,Research organisation/institute/Think tank,EU/Europe,Netherlands,,Dutch,,https://www.ru.nl/,,,
Responsible Innovation Centre for Public Media Futures,Project or initiative,EU/Europe,UK,Research and audits,English,,https://www.bbc.co.uk/rd/projects/responsible-innovation-centre,,,
RTL Deutschland,Media Outlet,EU/Europe,Germany,Media/journalism production,German,,https://www.rtl.de/,,,
SembraMedia,Media association/fund,Global scope,,"Research and audits, Business models",Spanish,,https://www.sembramedia.org/,,,
Sida East Europe,Public sector,EU/Europe,Sweden,Funds/Investment,Swedish,,https://www.sida.se/,,,
"Sofia University ""St. Kliment Ohridski""",Research organisation/institute/Think tank,EU/Europe,Bulgaria,,Bulgarian,,https://www.uni-sofia.bg/,,,
Steering Committee on Media and Information Society (CDMSI),Public sector,EU/Europe,France,Regulatory and legal,,,https://www.coe.int/en/web/freedom-expression,,,
Stichting Weerbare Democratie,CSO,EU/Europe,Netherlands,,Dutch,,https://www.weerbaredemocratie.nl/,,,
Stiftung Mercator,Media association/fund,EU/Europe,Germany,Funds/Investment,German,,https://www.stiftung-mercator.de/,,,
Stockholm School of Economics in Riga,Research organisation/institute/Think tank,EU/Europe,Latvia,,English,,https://www.sseriga.edu/,,,
The Alkamba Times,Media Outlet,Africa,Gambia,Media/journalism production,,,https://alkambatimes.com/,,,
The Association of Commercial Television and Video on Demand Services in Europe (ACT),Media association/fund,EU/Europe,Belgium,"Regulatory and legal, Coalitions and advocacy",English,,https://www.acte.be/,,,
"The Directorate-General for Communications Networks, Content and Technology (DG Connect)",Public sector,EU/Europe,Belgium,"Regulatory and legal, Funds/Investment",,,https://digital-strategy.ec.europa.eu/,,,
The Forum on Information and Democracy (FID),CSO,Global scope,France,"Regulatory and legal, Coalitions and advocacy, Research and audits",English,,https://informationdemocracy.org/,,,
The Irish Times,Media Outlet,EU/Europe,Ireland,Media/journalism production,English,,https://www.irishtimes.com/,,,
The Media Leadership Think Tank (MLTT),Research organisation/institute/Think tank,Africa,South Africa,Research and audits,,,https://www.gibs.co.za/pages/media-leadership-think-tank,,,
The New Indian Express,Media Outlet,Asia,India,Media/journalism production,English,,https://www.newindianexpress.com/,,,
The Union of Journalists in Finland,Ecosystem,EU/Europe,Finland,Coalitions and advocacy,,,https://journalistiliitto.fi/en/,,,
TheDiggerNews,Media Outlet,Africa,Nigeria,Media/journalism production,,,https://www.thediggernews.com/,,,
UNESCO,Public sector,Global scope,France,"Regulatory and legal, Social norms and literacy",,,https://www.unesco.org/,,,
Universitat Politècnica de Catalunya,Research organisation/institute/Think tank,EU/Europe,Spain,,,,https://www.upc.edu/,,,
Verde Minho Televisão (VMTV),Media Outlet,EU/Europe,Portugal,Media/journalism production,Portugese,,https://vmtv.sapo.pt/ ,,,
Visapress,Medium or small private technology provider,EU/Europe,Portugal,,,,https://visapress.pt/,,,
WAN-IFRA,Media association/fund,Global scope,,"Coalitions and advocacy, Business models",English,,https://wan-ifra.org/,,,
WHAT TO FIX,CSO,EU/Europe,The Netherlands,,,,https://www.whattofix.tech/,,,
Wikimedia,CSO,Global scope,USA,Paid data services,English,,https://wikimediafoundation.org/,,,
WITNESS,CSO,Global scope,USA,"Social norms and literacy, Coalitions and advocacy, Regulatory and legal",English,,https://www.witness.org/,,,
Yapay Gündem,Media Outlet,EU/Europe,Turkey,Media/journalism production,Turkish,,https://www.yapaygundem.com/,,,
Zweites Deutsches Fernsehen (ZDF),Media Outlet,EU/Europe,Germany,Media/journalism production,German,,https://www.zdf.de/,,,